,_id,product_name,product_searched,price,offer_details,discount_percent,EMI,rating,comment,customer_name,review_age
0,6047ad110793b6b425376cc8,"APPLE iPhone 11 (White, 64 GB)",iphone,"₹48,999","['Bank OfferAdditional ₹500 off on Transactions with Axis Bank Debit and Credit Cards.T&C', 'Bank Offer5% Unlimited Cashback on Flipkart Axis Bank Credit CardT&C', 'Special PriceExtra ₹5901 off(price inclusive of discount)T&C', 'View 2 more offers']",10% off,NO EMI Plans,5,Perfect product!,Flipkart Customer,9 months ago
1,6047ad110793b6b425376cca,"APPLE iPhone 11 (White, 64 GB)",iphone,"₹48,999","['Bank OfferAdditional ₹500 off on Transactions with Axis Bank Debit and Credit Cards.T&C', 'Bank Offer5% Unlimited Cashback on Flipkart Axis Bank Credit CardT&C', 'Special PriceExtra ₹5901 off(price inclusive of discount)T&C', 'View 2 more offers']",10% off,NO EMI Plans,5,Brilliant,Ankit,"Sep, 2019"
2,6047ad120793b6b425376ccc,"APPLE iPhone 11 (White, 64 GB)",iphone,"₹48,999","['Bank OfferAdditional ₹500 off on Transactions with Axis Bank Debit and Credit Cards.T&C', 'Bank Offer5% Unlimited Cashback on Flipkart Axis Bank Credit CardT&C', 'Special PriceExtra ₹5901 off(price inclusive of discount)T&C', 'View 2 more offers']",10% off,NO EMI Plans,5,Great product,Rahul Verma,"Mar, 2020"
3,6047ad130793b6b425376cce,"APPLE iPhone 11 (White, 64 GB)",iphone,"₹48,999","['Bank OfferAdditional ₹500 off on Transactions with Axis Bank Debit and Credit Cards.T&C', 'Bank Offer5% Unlimited Cashback on Flipkart Axis Bank Credit CardT&C', 'Special PriceExtra ₹5901 off(price inclusive of discount)T&C', 'View 2 more offers']",10% off,NO EMI Plans,5,Highly recommended,muddassar shaikh,"Nov, 2019"
4,6047ad140793b6b425376cd0,"APPLE iPhone 11 (White, 64 GB)",iphone,"₹48,999","['Bank OfferAdditional ₹500 off on Transactions with Axis Bank Debit and Credit Cards.T&C', 'Bank Offer5% Unlimited Cashback on Flipkart Axis Bank Credit CardT&C', 'Special PriceExtra ₹5901 off(price inclusive of discount)T&C', 'View 2 more offers']",10% off,NO EMI Plans,5,Perfect product!,tushar srivastava,11 months ago
5,6047ad140793b6b425376cd2,"APPLE iPhone 11 (White, 64 GB)",iphone,"₹48,999","['Bank OfferAdditional ₹500 off on Transactions with Axis Bank Debit and Credit Cards.T&C', 'Bank Offer5% Unlimited Cashback on Flipkart Axis Bank Credit CardT&C', 'Special PriceExtra ₹5901 off(price inclusive of discount)T&C', 'View 2 more offers']",10% off,NO EMI Plans,5,Perfect product!,Flipkart Customer,"Nov, 2019"
6,6047ad150793b6b425376cd4,"APPLE iPhone 11 (White, 64 GB)",iphone,"₹48,999","['Bank OfferAdditional ₹500 off on Transactions with Axis Bank Debit and Credit Cards.T&C', 'Bank Offer5% Unlimited Cashback on Flipkart Axis Bank Credit CardT&C', 'Special PriceExtra ₹5901 off(price inclusive of discount)T&C', 'View 2 more offers']",10% off,NO EMI Plans,5,Wonderful,Abhinav K,"Nov, 2019"
7,6047ad150793b6b425376cd6,"APPLE iPhone 11 (White, 64 GB)",iphone,"₹48,999","['Bank OfferAdditional ₹500 off on Transactions with Axis Bank Debit and Credit Cards.T&C', 'Bank Offer5% Unlimited Cashback on Flipkart Axis Bank Credit CardT&C', 'Special PriceExtra ₹5901 off(price inclusive of discount)T&C', 'View 2 more offers']",10% off,NO EMI Plans,5,Worth every penny,Arshad Ahmed,"Jan, 2020"
8,6047ad150793b6b425376cd8,"APPLE iPhone 11 (White, 64 GB)",iphone,"₹48,999","['Bank OfferAdditional ₹500 off on Transactions with Axis Bank Debit and Credit Cards.T&C', 'Bank Offer5% Unlimited Cashback on Flipkart Axis Bank Credit CardT&C', 'Special PriceExtra ₹5901 off(price inclusive of discount)T&C', 'View 2 more offers']",10% off,NO EMI Plans,5,Worth every penny,Flipkart Customer,"Nov, 2019"
9,6047ad160793b6b425376cda,"APPLE iPhone 11 (White, 64 GB)",iphone,"₹48,999","['Bank OfferAdditional ₹500 off on Transactions with Axis Bank Debit and Credit Cards.T&C', 'Bank Offer5% Unlimited Cashback on Flipkart Axis Bank Credit CardT&C', 'Special PriceExtra ₹5901 off(price inclusive of discount)T&C', 'View 2 more offers']",10% off,NO EMI Plans,5,Perfect product!,Rishika Agarwal,"Oct, 2019"
10,6047ad1a0793b6b425376cdc,"APPLE iPhone 11 (White, 64 GB)",iphone,"₹48,999","['Bank OfferAdditional ₹500 off on Transactions with Axis Bank Debit and Credit Cards.T&C', 'Bank Offer5% Unlimited Cashback on Flipkart Axis Bank Credit CardT&C', 'Special PriceExtra ₹5901 off(price inclusive of discount)T&C', 'View 2 more offers']",10% off,NO EMI Plans,5,Simply awesome,chaitanya kumar,9 months ago
11,6047ad1a0793b6b425376cde,"APPLE iPhone 11 (White, 64 GB)",iphone,"₹48,999","['Bank OfferAdditional ₹500 off on Transactions with Axis Bank Debit and Credit Cards.T&C', 'Bank Offer5% Unlimited Cashback on Flipkart Axis Bank Credit CardT&C', 'Special PriceExtra ₹5901 off(price inclusive of discount)T&C', 'View 2 more offers']",10% off,NO EMI Plans,4,Nice product,Abhinav Gupta,"Sep, 2019"
12,6047ad1c0793b6b425376ce0,"APPLE iPhone 11 (White, 64 GB)",iphone,"₹48,999","['Bank OfferAdditional ₹500 off on Transactions with Axis Bank Debit and Credit Cards.T&C', 'Bank Offer5% Unlimited Cashback on Flipkart Axis Bank Credit CardT&C', 'Special PriceExtra ₹5901 off(price inclusive of discount)T&C', 'View 2 more offers']",10% off,NO EMI Plans,5,Terrific,SOURAV DHAR,"Oct, 2019"
13,6047ad1d0793b6b425376ce2,"APPLE iPhone 11 (White, 64 GB)",iphone,"₹48,999","['Bank OfferAdditional ₹500 off on Transactions with Axis Bank Debit and Credit Cards.T&C', 'Bank Offer5% Unlimited Cashback on Flipkart Axis Bank Credit CardT&C', 'Special PriceExtra ₹5901 off(price inclusive of discount)T&C', 'View 2 more offers']",10% off,NO EMI Plans,5,Brilliant,Pratik M,8 months ago
14,6047ad1d0793b6b425376ce4,"APPLE iPhone 11 (White, 64 GB)",iphone,"₹48,999","['Bank OfferAdditional ₹500 off on Transactions with Axis Bank Debit and Credit Cards.T&C', 'Bank Offer5% Unlimited Cashback on Flipkart Axis Bank Credit CardT&C', 'Special PriceExtra ₹5901 off(price inclusive of discount)T&C', 'View 2 more offers']",10% off,NO EMI Plans,5,Terrific purchase,Nitin Sharma,"Jan, 2020"
15,6047ad1e0793b6b425376ce6,"APPLE iPhone 11 (White, 64 GB)",iphone,"₹48,999","['Bank OfferAdditional ₹500 off on Transactions with Axis Bank Debit and Credit Cards.T&C', 'Bank Offer5% Unlimited Cashback on Flipkart Axis Bank Credit CardT&C', 'Special PriceExtra ₹5901 off(price inclusive of discount)T&C', 'View 2 more offers']",10% off,NO EMI Plans,5,Great product,Asish Babu,"Feb, 2020"
16,6047ad1e0793b6b425376ce8,"APPLE iPhone 11 (White, 64 GB)",iphone,"₹48,999","['Bank OfferAdditional ₹500 off on Transactions with Axis Bank Debit and Credit Cards.T&C', 'Bank Offer5% Unlimited Cashback on Flipkart Axis Bank Credit CardT&C', 'Special PriceExtra ₹5901 off(price inclusive of discount)T&C', 'View 2 more offers']",10% off,NO EMI Plans,5,Must buy!,sankar ganesh,"Oct, 2019"
17,6047ad1f0793b6b425376cea,"APPLE iPhone 11 (White, 64 GB)",iphone,"₹48,999","['Bank OfferAdditional ₹500 off on Transactions with Axis Bank Debit and Credit Cards.T&C', 'Bank Offer5% Unlimited Cashback on Flipkart Axis Bank Credit CardT&C', 'Special PriceExtra ₹5901 off(price inclusive of discount)T&C', 'View 2 more offers']",10% off,NO EMI Plans,5,Mind-blowing purchase,Avishek Naha,"Oct, 2019"
18,6047ad1f0793b6b425376cec,"APPLE iPhone 11 (White, 64 GB)",iphone,"₹48,999","['Bank OfferAdditional ₹500 off on Transactions with Axis Bank Debit and Credit Cards.T&C', 'Bank Offer5% Unlimited Cashback on Flipkart Axis Bank Credit CardT&C', 'Special PriceExtra ₹5901 off(price inclusive of discount)T&C', 'View 2 more offers']",10% off,NO EMI Plans,1,Very poor,Arun R,"Sep, 2019"
19,6047ad200793b6b425376cee,"APPLE iPhone 11 (White, 64 GB)",iphone,"₹48,999","['Bank OfferAdditional ₹500 off on Transactions with Axis Bank Debit and Credit Cards.T&C', 'Bank Offer5% Unlimited Cashback on Flipkart Axis Bank Credit CardT&C', 'Special PriceExtra ₹5901 off(price inclusive of discount)T&C', 'View 2 more offers']",10% off,NO EMI Plans,5,Worth every penny,Vamshi Yadav,"Jan, 2020"
20,6047ad220793b6b425376cf0,"APPLE iPhone 11 (White, 64 GB)",iphone,"₹48,999","['Bank OfferAdditional ₹500 off on Transactions with Axis Bank Debit and Credit Cards.T&C', 'Bank Offer5% Unlimited Cashback on Flipkart Axis Bank Credit CardT&C', 'Special PriceExtra ₹5901 off(price inclusive of discount)T&C', 'View 2 more offers']",10% off,NO EMI Plans,5,Wonderful,Sushilkumar Shinde,"Nov, 2019"
21,6047ad230793b6b425376cf2,"APPLE iPhone 11 (White, 64 GB)",iphone,"₹48,999","['Bank OfferAdditional ₹500 off on Transactions with Axis Bank Debit and Credit Cards.T&C', 'Bank Offer5% Unlimited Cashback on Flipkart Axis Bank Credit CardT&C', 'Special PriceExtra ₹5901 off(price inclusive of discount)T&C', 'View 2 more offers']",10% off,NO EMI Plans,5,Highly recommended,Jimly Gogoi,9 months ago
22,6047ad240793b6b425376cf4,"APPLE iPhone 11 (White, 64 GB)",iphone,"₹48,999","['Bank OfferAdditional ₹500 off on Transactions with Axis Bank Debit and Credit Cards.T&C', 'Bank Offer5% Unlimited Cashback on Flipkart Axis Bank Credit CardT&C', 'Special PriceExtra ₹5901 off(price inclusive of discount)T&C', 'View 2 more offers']",10% off,NO EMI Plans,5,Mind-blowing purchase,Amol Suryawanshi,"Feb, 2020"
23,6047ad250793b6b425376cf6,"APPLE iPhone 11 (White, 64 GB)",iphone,"₹48,999","['Bank OfferAdditional ₹500 off on Transactions with Axis Bank Debit and Credit Cards.T&C', 'Bank Offer5% Unlimited Cashback on Flipkart Axis Bank Credit CardT&C', 'Special PriceExtra ₹5901 off(price inclusive of discount)T&C', 'View 2 more offers']",10% off,NO EMI Plans,5,Terrific purchase,Ananya Dhiman,8 months ago
24,6047ad250793b6b425376cf8,"APPLE iPhone 11 (White, 64 GB)",iphone,"₹48,999","['Bank OfferAdditional ₹500 off on Transactions with Axis Bank Debit and Credit Cards.T&C', 'Bank Offer5% Unlimited Cashback on Flipkart Axis Bank Credit CardT&C', 'Special PriceExtra ₹5901 off(price inclusive of discount)T&C', 'View 2 more offers']",10% off,NO EMI Plans,5,Mind-blowing purchase,Mohammed Aslam,"Oct, 2019"
25,6047ad250793b6b425376cfa,"APPLE iPhone 11 (White, 64 GB)",iphone,"₹48,999","['Bank OfferAdditional ₹500 off on Transactions with Axis Bank Debit and Credit Cards.T&C', 'Bank Offer5% Unlimited Cashback on Flipkart Axis Bank Credit CardT&C', 'Special PriceExtra ₹5901 off(price inclusive of discount)T&C', 'View 2 more offers']",10% off,NO EMI Plans,4,Good quality product,Aditya Sehrawat,1 month ago
26,6047ad260793b6b425376cfc,"APPLE iPhone 11 (White, 64 GB)",iphone,"₹48,999","['Bank OfferAdditional ₹500 off on Transactions with Axis Bank Debit and Credit Cards.T&C', 'Bank Offer5% Unlimited Cashback on Flipkart Axis Bank Credit CardT&C', 'Special PriceExtra ₹5901 off(price inclusive of discount)T&C', 'View 2 more offers']",10% off,NO EMI Plans,5,Wonderful,Amrinder Mehta,8 months ago
27,6047ad260793b6b425376cfe,"APPLE iPhone 11 (White, 64 GB)",iphone,"₹48,999","['Bank OfferAdditional ₹500 off on Transactions with Axis Bank Debit and Credit Cards.T&C', 'Bank Offer5% Unlimited Cashback on Flipkart Axis Bank Credit CardT&C', 'Special PriceExtra ₹5901 off(price inclusive of discount)T&C', 'View 2 more offers']",10% off,NO EMI Plans,5,Perfect product!,sree teja duggirala,"Jan, 2020"
28,6047ad260793b6b425376d00,"APPLE iPhone 11 (White, 64 GB)",iphone,"₹48,999","['Bank OfferAdditional ₹500 off on Transactions with Axis Bank Debit and Credit Cards.T&C', 'Bank Offer5% Unlimited Cashback on Flipkart Axis Bank Credit CardT&C', 'Special PriceExtra ₹5901 off(price inclusive of discount)T&C', 'View 2 more offers']",10% off,NO EMI Plans,5,Classy product,Zeeshan Chowdhury,"Jan, 2020"
29,6047ad260793b6b425376d02,"APPLE iPhone 11 (White, 64 GB)",iphone,"₹48,999","['Bank OfferAdditional ₹500 off on Transactions with Axis Bank Debit and Credit Cards.T&C', 'Bank Offer5% Unlimited Cashback on Flipkart Axis Bank Credit CardT&C', 'Special PriceExtra ₹5901 off(price inclusive of discount)T&C', 'View 2 more offers']",10% off,NO EMI Plans,5,Perfect product!,Anas Aq,"Oct, 2019"
30,6047ad290793b6b425376d04,"APPLE iPhone 11 (White, 64 GB)",iphone,"₹48,999","['Bank OfferAdditional ₹500 off on Transactions with Axis Bank Debit and Credit Cards.T&C', 'Bank Offer5% Unlimited Cashback on Flipkart Axis Bank Credit CardT&C', 'Special PriceExtra ₹5901 off(price inclusive of discount)T&C', 'View 2 more offers']",10% off,NO EMI Plans,5,Awesome,Neeraj Baveja,"Oct, 2019"
31,6047ad290793b6b425376d06,"APPLE iPhone 11 (White, 64 GB)",iphone,"₹48,999","['Bank OfferAdditional ₹500 off on Transactions with Axis Bank Debit and Credit Cards.T&C', 'Bank Offer5% Unlimited Cashback on Flipkart Axis Bank Credit CardT&C', 'Special PriceExtra ₹5901 off(price inclusive of discount)T&C', 'View 2 more offers']",10% off,NO EMI Plans,4,Good choice,Bharat Sv,8 months ago
32,6047ad2a0793b6b425376d08,"APPLE iPhone 11 (White, 64 GB)",iphone,"₹48,999","['Bank OfferAdditional ₹500 off on Transactions with Axis Bank Debit and Credit Cards.T&C', 'Bank Offer5% Unlimited Cashback on Flipkart Axis Bank Credit CardT&C', 'Special PriceExtra ₹5901 off(price inclusive of discount)T&C', 'View 2 more offers']",10% off,NO EMI Plans,5,Perfect product!,Bibhudatta Behura,6 months ago
33,6047ad2a0793b6b425376d0a,"APPLE iPhone 11 (White, 64 GB)",iphone,"₹48,999","['Bank OfferAdditional ₹500 off on Transactions with Axis Bank Debit and Credit Cards.T&C', 'Bank Offer5% Unlimited Cashback on Flipkart Axis Bank Credit CardT&C', 'Special PriceExtra ₹5901 off(price inclusive of discount)T&C', 'View 2 more offers']",10% off,NO EMI Plans,5,Highly recommended,Vishal Dubey,7 months ago
34,6047ad2b0793b6b425376d0c,"APPLE iPhone 11 (White, 64 GB)",iphone,"₹48,999","['Bank OfferAdditional ₹500 off on Transactions with Axis Bank Debit and Credit Cards.T&C', 'Bank Offer5% Unlimited Cashback on Flipkart Axis Bank Credit CardT&C', 'Special PriceExtra ₹5901 off(price inclusive of discount)T&C', 'View 2 more offers']",10% off,NO EMI Plans,5,Excellent,Bhupendr Yadav,7 months ago
35,6047ad2b0793b6b425376d0e,"APPLE iPhone 11 (White, 64 GB)",iphone,"₹48,999","['Bank OfferAdditional ₹500 off on Transactions with Axis Bank Debit and Credit Cards.T&C', 'Bank Offer5% Unlimited Cashback on Flipkart Axis Bank Credit CardT&C', 'Special PriceExtra ₹5901 off(price inclusive of discount)T&C', 'View 2 more offers']",10% off,NO EMI Plans,5,Simply awesome,Likhitha Heman,7 months ago
36,6047ad2b0793b6b425376d10,"APPLE iPhone 11 (White, 64 GB)",iphone,"₹48,999","['Bank OfferAdditional ₹500 off on Transactions with Axis Bank Debit and Credit Cards.T&C', 'Bank Offer5% Unlimited Cashback on Flipkart Axis Bank Credit CardT&C', 'Special PriceExtra ₹5901 off(price inclusive of discount)T&C', 'View 2 more offers']",10% off,NO EMI Plans,5,Fabulous!,Jay Pandya,"Oct, 2019"
37,6047ad2c0793b6b425376d12,"APPLE iPhone 11 (White, 64 GB)",iphone,"₹48,999","['Bank OfferAdditional ₹500 off on Transactions with Axis Bank Debit and Credit Cards.T&C', 'Bank Offer5% Unlimited Cashback on Flipkart Axis Bank Credit CardT&C', 'Special PriceExtra ₹5901 off(price inclusive of discount)T&C', 'View 2 more offers']",10% off,NO EMI Plans,5,Simply awesome,iqbal hussain kantewala,"Jan, 2020"
38,6047ad2d0793b6b425376d14,"APPLE iPhone 11 (White, 64 GB)",iphone,"₹48,999","['Bank OfferAdditional ₹500 off on Transactions with Axis Bank Debit and Credit Cards.T&C', 'Bank Offer5% Unlimited Cashback on Flipkart Axis Bank Credit CardT&C', 'Special PriceExtra ₹5901 off(price inclusive of discount)T&C', 'View 2 more offers']",10% off,NO EMI Plans,5,Fabulous!,Naveen Boopathi,11 months ago
39,6047ad2d0793b6b425376d16,"APPLE iPhone 11 (White, 64 GB)",iphone,"₹48,999","['Bank OfferAdditional ₹500 off on Transactions with Axis Bank Debit and Credit Cards.T&C', 'Bank Offer5% Unlimited Cashback on Flipkart Axis Bank Credit CardT&C', 'Special PriceExtra ₹5901 off(price inclusive of discount)T&C', 'View 2 more offers']",10% off,NO EMI Plans,5,Worth every penny,Flipkart Customer,5 months ago
40,6047ad300793b6b425376d18,"APPLE iPhone 11 (White, 64 GB)",iphone,"₹48,999","['Bank OfferAdditional ₹500 off on Transactions with Axis Bank Debit and Credit Cards.T&C', 'Bank Offer5% Unlimited Cashback on Flipkart Axis Bank Credit CardT&C', 'Special PriceExtra ₹5901 off(price inclusive of discount)T&C', 'View 2 more offers']",10% off,NO EMI Plans,5,Classy product,Girish PAreek,"Dec, 2019"
41,6047ad310793b6b425376d1a,"APPLE iPhone 11 (White, 64 GB)",iphone,"₹48,999","['Bank OfferAdditional ₹500 off on Transactions with Axis Bank Debit and Credit Cards.T&C', 'Bank Offer5% Unlimited Cashback on Flipkart Axis Bank Credit CardT&C', 'Special PriceExtra ₹5901 off(price inclusive of discount)T&C', 'View 2 more offers']",10% off,NO EMI Plans,5,Just wow!,sayyed shoieb,4 months ago
42,6047ad320793b6b425376d1c,"APPLE iPhone 11 (White, 64 GB)",iphone,"₹48,999","['Bank OfferAdditional ₹500 off on Transactions with Axis Bank Debit and Credit Cards.T&C', 'Bank Offer5% Unlimited Cashback on Flipkart Axis Bank Credit CardT&C', 'Special PriceExtra ₹5901 off(price inclusive of discount)T&C', 'View 2 more offers']",10% off,NO EMI Plans,5,Simply awesome,Flipkart Customer,4 months ago
43,6047ad320793b6b425376d1e,"APPLE iPhone 11 (White, 64 GB)",iphone,"₹48,999","['Bank OfferAdditional ₹500 off on Transactions with Axis Bank Debit and Credit Cards.T&C', 'Bank Offer5% Unlimited Cashback on Flipkart Axis Bank Credit CardT&C', 'Special PriceExtra ₹5901 off(price inclusive of discount)T&C', 'View 2 more offers']",10% off,NO EMI Plans,5,Perfect product!,Gangesh Kumar,"Jan, 2020"
44,6047ad330793b6b425376d20,"APPLE iPhone 11 (White, 64 GB)",iphone,"₹48,999","['Bank OfferAdditional ₹500 off on Transactions with Axis Bank Debit and Credit Cards.T&C', 'Bank Offer5% Unlimited Cashback on Flipkart Axis Bank Credit CardT&C', 'Special PriceExtra ₹5901 off(price inclusive of discount)T&C', 'View 2 more offers']",10% off,NO EMI Plans,5,Mind-blowing purchase,Nagma Khatoon,"Nov, 2019"
45,6047ad340793b6b425376d22,"APPLE iPhone 11 (White, 64 GB)",iphone,"₹48,999","['Bank OfferAdditional ₹500 off on Transactions with Axis Bank Debit and Credit Cards.T&C', 'Bank Offer5% Unlimited Cashback on Flipkart Axis Bank Credit CardT&C', 'Special PriceExtra ₹5901 off(price inclusive of discount)T&C', 'View 2 more offers']",10% off,NO EMI Plans,5,Excellent,prem patel,21 days ago
46,6047ad340793b6b425376d24,"APPLE iPhone 11 (White, 64 GB)",iphone,"₹48,999","['Bank OfferAdditional ₹500 off on Transactions with Axis Bank Debit and Credit Cards.T&C', 'Bank Offer5% Unlimited Cashback on Flipkart Axis Bank Credit CardT&C', 'Special PriceExtra ₹5901 off(price inclusive of discount)T&C', 'View 2 more offers']",10% off,NO EMI Plans,5,Fabulous!,harry byadwal,3 months ago
47,6047ad350793b6b425376d26,"APPLE iPhone 11 (White, 64 GB)",iphone,"₹48,999","['Bank OfferAdditional ₹500 off on Transactions with Axis Bank Debit and Credit Cards.T&C', 'Bank Offer5% Unlimited Cashback on Flipkart Axis Bank Credit CardT&C', 'Special PriceExtra ₹5901 off(price inclusive of discount)T&C', 'View 2 more offers']",10% off,NO EMI Plans,5,Wonderful,Mayukh Chowdhury,"Nov, 2019"
48,6047ad350793b6b425376d28,"APPLE iPhone 11 (White, 64 GB)",iphone,"₹48,999","['Bank OfferAdditional ₹500 off on Transactions with Axis Bank Debit and Credit Cards.T&C', 'Bank Offer5% Unlimited Cashback on Flipkart Axis Bank Credit CardT&C', 'Special PriceExtra ₹5901 off(price inclusive of discount)T&C', 'View 2 more offers']",10% off,NO EMI Plans,5,Terrific purchase,Pratik Shah,7 months ago
49,6047ad350793b6b425376d2a,"APPLE iPhone 11 (White, 64 GB)",iphone,"₹48,999","['Bank OfferAdditional ₹500 off on Transactions with Axis Bank Debit and Credit Cards.T&C', 'Bank Offer5% Unlimited Cashback on Flipkart Axis Bank Credit CardT&C', 'Special PriceExtra ₹5901 off(price inclusive of discount)T&C', 'View 2 more offers']",10% off,NO EMI Plans,3,Decent product,Ezhil Rules,"Oct, 2019"
50,6047ad380793b6b425376d2c,"APPLE iPhone 11 (White, 64 GB)",iphone,"₹48,999","['Bank OfferAdditional ₹500 off on Transactions with Axis Bank Debit and Credit Cards.T&C', 'Bank Offer5% Unlimited Cashback on Flipkart Axis Bank Credit CardT&C', 'Special PriceExtra ₹5901 off(price inclusive of discount)T&C', 'View 2 more offers']",10% off,NO EMI Plans,5,Fabulous!,Prateek raj,11 months ago
51,610617fe1ffb31ef8e7c26f0,"APPLE iPhone 11 (Black, 64 GB)",iphone,"₹51,999",[],5% off,NO EMI Plans,5,Simply awesome,Flipkart Customer,8 months ago
52,610617fe1ffb31ef8e7c26f2,"APPLE iPhone 11 (Black, 64 GB)",iphone,"₹51,999",[],5% off,NO EMI Plans,5,Brilliant,Ankit,"Sep, 2019"
53,610617ff1ffb31ef8e7c26f4,"APPLE iPhone 11 (Black, 64 GB)",iphone,"₹51,999",[],5% off,NO EMI Plans,5,Fabulous!,Naveen Boopathi,"Mar, 2020"
54,610617ff1ffb31ef8e7c26f6,"APPLE iPhone 11 (Black, 64 GB)",iphone,"₹51,999",[],5% off,NO EMI Plans,5,Perfect product!,Flipkart Customer,"Jun, 2020"
55,610617ff1ffb31ef8e7c26f8,"APPLE iPhone 11 (Black, 64 GB)",iphone,"₹51,999",[],5% off,NO EMI Plans,5,Worth every penny,Vamshi Chakrala,"Jan, 2020"
56,610618001ffb31ef8e7c26fa,"APPLE iPhone 11 (Black, 64 GB)",iphone,"₹51,999",[],5% off,NO EMI Plans,5,Great product,Rahul Verma,"Mar, 2020"
57,610618001ffb31ef8e7c26fc,"APPLE iPhone 11 (Black, 64 GB)",iphone,"₹51,999",[],5% off,NO EMI Plans,5,Worth every penny,Flipkart Customer,9 months ago
58,610618001ffb31ef8e7c26fe,"APPLE iPhone 11 (Black, 64 GB)",iphone,"₹51,999",[],5% off,NO EMI Plans,4,Good choice,Bharat Sv,"Jun, 2020"
59,610618011ffb31ef8e7c2700,"APPLE iPhone 11 (Black, 64 GB)",iphone,"₹51,999",[],5% off,NO EMI Plans,5,Highly recommended,muddassar shaikh,"Nov, 2019"
60,610618011ffb31ef8e7c2702,"APPLE iPhone 11 (Black, 64 GB)",iphone,"₹51,999",[],5% off,NO EMI Plans,5,Perfect product!,tushar srivastava,"Mar, 2020"
61,610618021ffb31ef8e7c2704,"APPLE iPhone 11 (Black, 64 GB)",iphone,"₹51,999",[],5% off,NO EMI Plans,5,Perfect product!,Flipkart Customer,"Nov, 2019"
62,610618031ffb31ef8e7c2706,"APPLE iPhone 11 (Black, 64 GB)",iphone,"₹51,999",[],5% off,NO EMI Plans,5,Best in the market!,Manish Raghuvanshi,3 months ago
63,610618031ffb31ef8e7c2708,"APPLE iPhone 11 (Black, 64 GB)",iphone,"₹51,999",[],5% off,NO EMI Plans,5,Classy product,Payal Singh,1 month ago
64,610618031ffb31ef8e7c270a,"APPLE iPhone 11 (Black, 64 GB)",iphone,"₹51,999",[],5% off,NO EMI Plans,5,Highly recommended,Vishal Dubey,"Jul, 2020"
65,610618041ffb31ef8e7c270c,"APPLE iPhone 11 (Black, 64 GB)",iphone,"₹51,999",[],5% off,NO EMI Plans,5,Worth every penny,Arshad Ahmed,"Jan, 2020"
66,610618041ffb31ef8e7c270e,"APPLE iPhone 11 (Black, 64 GB)",iphone,"₹51,999",[],5% off,NO EMI Plans,5,Perfect product!,Rishika Agarwal,"Oct, 2019"
67,610618041ffb31ef8e7c2710,"APPLE iPhone 11 (Black, 64 GB)",iphone,"₹51,999",[],5% off,NO EMI Plans,5,Simply awesome,chaitanya kumar,"Jun, 2020"
68,610618051ffb31ef8e7c2712,"APPLE iPhone 11 (Black, 64 GB)",iphone,"₹51,999",[],5% off,NO EMI Plans,5,Highly recommended,Jimly Gogoi,"May, 2020"
69,610618051ffb31ef8e7c2714,"APPLE iPhone 11 (Black, 64 GB)",iphone,"₹51,999",[],5% off,NO EMI Plans,5,Worth every penny,Flipkart Customer,"Nov, 2019"
70,610618051ffb31ef8e7c2716,"APPLE iPhone 11 (Black, 64 GB)",iphone,"₹51,999",[],5% off,NO EMI Plans,5,Terrific,SOURAV DHAR,"Oct, 2019"
71,6106185ab058538de8b02c5f,"APPLE iPhone 12 (Blue, 128 GB)",iphone,"₹84,900","['Bank Offer20% off on 1st txn with Amex Network Cards issued by ICICI Bank,IndusInd Bank,SBI Cards and MobikwikT&C', 'Bank Offer10% Off on Bank of Baroda Mastercard debit card first time transaction, Terms and Condition applyT&C', 'Special PriceExtra ₹2000 off(price inclusive of discount)T&C', 'View 4 more offers']",No Discount,NO EMI Plans,5,Must buy!,Pranjal Dwivedi,4 months ago
72,6106185cb058538de8b02c61,"APPLE iPhone 12 (Blue, 128 GB)",iphone,"₹84,900","['Bank Offer20% off on 1st txn with Amex Network Cards issued by ICICI Bank,IndusInd Bank,SBI Cards and MobikwikT&C', 'Bank Offer10% Off on Bank of Baroda Mastercard debit card first time transaction, Terms and Condition applyT&C', 'Special PriceExtra ₹2000 off(price inclusive of discount)T&C', 'View 4 more offers']",No Discount,NO EMI Plans,5,Just wow!,Ketan Deodhar,8 months ago
73,6106185cb058538de8b02c63,"APPLE iPhone 12 (Blue, 128 GB)",iphone,"₹84,900","['Bank Offer20% off on 1st txn with Amex Network Cards issued by ICICI Bank,IndusInd Bank,SBI Cards and MobikwikT&C', 'Bank Offer10% Off on Bank of Baroda Mastercard debit card first time transaction, Terms and Condition applyT&C', 'Special PriceExtra ₹2000 off(price inclusive of discount)T&C', 'View 4 more offers']",No Discount,NO EMI Plans,5,Awesome,Gajendra Meena,7 months ago
74,6106185eb058538de8b02c65,"APPLE iPhone 12 (Blue, 128 GB)",iphone,"₹84,900","['Bank Offer20% off on 1st txn with Amex Network Cards issued by ICICI Bank,IndusInd Bank,SBI Cards and MobikwikT&C', 'Bank Offer10% Off on Bank of Baroda Mastercard debit card first time transaction, Terms and Condition applyT&C', 'Special PriceExtra ₹2000 off(price inclusive of discount)T&C', 'View 4 more offers']",No Discount,NO EMI Plans,5,Terrific purchase,Abhijeet Dhonge,6 months ago
75,61061873b058538de8b02c67,"APPLE iPhone 12 (Blue, 128 GB)",iphone,"₹84,900","['Bank Offer20% off on 1st txn with Amex Network Cards issued by ICICI Bank,IndusInd Bank,SBI Cards and MobikwikT&C', 'Bank Offer10% Off on Bank of Baroda Mastercard debit card first time transaction, Terms and Condition applyT&C', 'Special PriceExtra ₹2000 off(price inclusive of discount)T&C', 'View 4 more offers']",No Discount,NO EMI Plans,5,Excellent,VIKRAM KUMAR,7 months ago
76,61061874b058538de8b02c69,"APPLE iPhone 12 (Blue, 128 GB)",iphone,"₹84,900","['Bank Offer20% off on 1st txn with Amex Network Cards issued by ICICI Bank,IndusInd Bank,SBI Cards and MobikwikT&C', 'Bank Offer10% Off on Bank of Baroda Mastercard debit card first time transaction, Terms and Condition applyT&C', 'Special PriceExtra ₹2000 off(price inclusive of discount)T&C', 'View 4 more offers']",No Discount,NO EMI Plans,5,Highly recommended,Pratik Modak,2 months ago
77,61061876b058538de8b02c6b,"APPLE iPhone 12 (Blue, 128 GB)",iphone,"₹84,900","['Bank Offer20% off on 1st txn with Amex Network Cards issued by ICICI Bank,IndusInd Bank,SBI Cards and MobikwikT&C', 'Bank Offer10% Off on Bank of Baroda Mastercard debit card first time transaction, Terms and Condition applyT&C', 'Special PriceExtra ₹2000 off(price inclusive of discount)T&C', 'View 4 more offers']",No Discount,NO EMI Plans,5,Best in the market!,Kannan G,3 months ago
78,61061878b058538de8b02c6d,"APPLE iPhone 12 (Blue, 128 GB)",iphone,"₹84,900","['Bank Offer20% off on 1st txn with Amex Network Cards issued by ICICI Bank,IndusInd Bank,SBI Cards and MobikwikT&C', 'Bank Offer10% Off on Bank of Baroda Mastercard debit card first time transaction, Terms and Condition applyT&C', 'Special PriceExtra ₹2000 off(price inclusive of discount)T&C', 'View 4 more offers']",No Discount,NO EMI Plans,5,Wonderful,Kevin Konda,5 months ago
79,61061879b058538de8b02c6f,"APPLE iPhone 12 (Blue, 128 GB)",iphone,"₹84,900","['Bank Offer20% off on 1st txn with Amex Network Cards issued by ICICI Bank,IndusInd Bank,SBI Cards and MobikwikT&C', 'Bank Offer10% Off on Bank of Baroda Mastercard debit card first time transaction, Terms and Condition applyT&C', 'Special PriceExtra ₹2000 off(price inclusive of discount)T&C', 'View 4 more offers']",No Discount,NO EMI Plans,5,Worth every penny,Sidhant Nayak,24 days ago
80,6106187bb058538de8b02c71,"APPLE iPhone 12 (Blue, 128 GB)",iphone,"₹84,900","['Bank Offer20% off on 1st txn with Amex Network Cards issued by ICICI Bank,IndusInd Bank,SBI Cards and MobikwikT&C', 'Bank Offer10% Off on Bank of Baroda Mastercard debit card first time transaction, Terms and Condition applyT&C', 'Special PriceExtra ₹2000 off(price inclusive of discount)T&C', 'View 4 more offers']",No Discount,NO EMI Plans,4,Wonderful,Abul Jaish,1 month ago
81,61061882b058538de8b02c73,"APPLE iPhone 12 (Blue, 128 GB)",iphone,"₹84,900","['Bank Offer20% off on 1st txn with Amex Network Cards issued by ICICI Bank,IndusInd Bank,SBI Cards and MobikwikT&C', 'Bank Offer10% Off on Bank of Baroda Mastercard debit card first time transaction, Terms and Condition applyT&C', 'Special PriceExtra ₹2000 off(price inclusive of discount)T&C', 'View 4 more offers']",No Discount,NO EMI Plans,4,Value-for-money,Adam Clarey,3 months ago
82,61061883b058538de8b02c75,"APPLE iPhone 12 (Blue, 128 GB)",iphone,"₹84,900","['Bank Offer20% off on 1st txn with Amex Network Cards issued by ICICI Bank,IndusInd Bank,SBI Cards and MobikwikT&C', 'Bank Offer10% Off on Bank of Baroda Mastercard debit card first time transaction, Terms and Condition applyT&C', 'Special PriceExtra ₹2000 off(price inclusive of discount)T&C', 'View 4 more offers']",No Discount,NO EMI Plans,5,Super!,Flipkart Customer,2 months ago
83,61061884b058538de8b02c77,"APPLE iPhone 12 (Blue, 128 GB)",iphone,"₹84,900","['Bank Offer20% off on 1st txn with Amex Network Cards issued by ICICI Bank,IndusInd Bank,SBI Cards and MobikwikT&C', 'Bank Offer10% Off on Bank of Baroda Mastercard debit card first time transaction, Terms and Condition applyT&C', 'Special PriceExtra ₹2000 off(price inclusive of discount)T&C', 'View 4 more offers']",No Discount,NO EMI Plans,5,Great product,Mrinal Das,3 months ago
84,61061885b058538de8b02c79,"APPLE iPhone 12 (Blue, 128 GB)",iphone,"₹84,900","['Bank Offer20% off on 1st txn with Amex Network Cards issued by ICICI Bank,IndusInd Bank,SBI Cards and MobikwikT&C', 'Bank Offer10% Off on Bank of Baroda Mastercard debit card first time transaction, Terms and Condition applyT&C', 'Special PriceExtra ₹2000 off(price inclusive of discount)T&C', 'View 4 more offers']",No Discount,NO EMI Plans,5,Great product,Wakilahmed Khan,3 months ago
85,61061886b058538de8b02c7b,"APPLE iPhone 12 (Blue, 128 GB)",iphone,"₹84,900","['Bank Offer20% off on 1st txn with Amex Network Cards issued by ICICI Bank,IndusInd Bank,SBI Cards and MobikwikT&C', 'Bank Offer10% Off on Bank of Baroda Mastercard debit card first time transaction, Terms and Condition applyT&C', 'Special PriceExtra ₹2000 off(price inclusive of discount)T&C', 'View 4 more offers']",No Discount,NO EMI Plans,5,Great product,Abhilash K,3 months ago
86,61061887b058538de8b02c7d,"APPLE iPhone 12 (Blue, 128 GB)",iphone,"₹84,900","['Bank Offer20% off on 1st txn with Amex Network Cards issued by ICICI Bank,IndusInd Bank,SBI Cards and MobikwikT&C', 'Bank Offer10% Off on Bank of Baroda Mastercard debit card first time transaction, Terms and Condition applyT&C', 'Special PriceExtra ₹2000 off(price inclusive of discount)T&C', 'View 4 more offers']",No Discount,NO EMI Plans,5,Must buy!,Amith Thomas,2 months ago
87,61061889b058538de8b02c7f,"APPLE iPhone 12 (Blue, 128 GB)",iphone,"₹84,900","['Bank Offer20% off on 1st txn with Amex Network Cards issued by ICICI Bank,IndusInd Bank,SBI Cards and MobikwikT&C', 'Bank Offer10% Off on Bank of Baroda Mastercard debit card first time transaction, Terms and Condition applyT&C', 'Special PriceExtra ₹2000 off(price inclusive of discount)T&C', 'View 4 more offers']",No Discount,NO EMI Plans,5,Perfect product!,Mugdha Jyoti Nondi,8 months ago
88,6106188ab058538de8b02c81,"APPLE iPhone 12 (Blue, 128 GB)",iphone,"₹84,900","['Bank Offer20% off on 1st txn with Amex Network Cards issued by ICICI Bank,IndusInd Bank,SBI Cards and MobikwikT&C', 'Bank Offer10% Off on Bank of Baroda Mastercard debit card first time transaction, Terms and Condition applyT&C', 'Special PriceExtra ₹2000 off(price inclusive of discount)T&C', 'View 4 more offers']",No Discount,NO EMI Plans,5,Another Perfect Apple product to Hold,Velmurugan T,22 days ago
89,6106188bb058538de8b02c83,"APPLE iPhone 12 (Blue, 128 GB)",iphone,"₹84,900","['Bank Offer20% off on 1st txn with Amex Network Cards issued by ICICI Bank,IndusInd Bank,SBI Cards and MobikwikT&C', 'Bank Offer10% Off on Bank of Baroda Mastercard debit card first time transaction, Terms and Condition applyT&C', 'Special PriceExtra ₹2000 off(price inclusive of discount)T&C', 'View 4 more offers']",No Discount,NO EMI Plans,5,Best in the market!,Shivam Agrawal,4 months ago
90,6106188cb058538de8b02c85,"APPLE iPhone 12 (Blue, 128 GB)",iphone,"₹84,900","['Bank Offer20% off on 1st txn with Amex Network Cards issued by ICICI Bank,IndusInd Bank,SBI Cards and MobikwikT&C', 'Bank Offer10% Off on Bank of Baroda Mastercard debit card first time transaction, Terms and Condition applyT&C', 'Special PriceExtra ₹2000 off(price inclusive of discount)T&C', 'View 4 more offers']",No Discount,NO EMI Plans,5,Simply awesome,Deepak Kumar,1 month ago
91,6106188fb058538de8b02c87,"APPLE iPhone 12 (Blue, 128 GB)",iphone,"₹84,900","['Bank Offer20% off on 1st txn with Amex Network Cards issued by ICICI Bank,IndusInd Bank,SBI Cards and MobikwikT&C', 'Bank Offer10% Off on Bank of Baroda Mastercard debit card first time transaction, Terms and Condition applyT&C', 'Special PriceExtra ₹2000 off(price inclusive of discount)T&C', 'View 4 more offers']",No Discount,NO EMI Plans,5,Simply awesome,Faiz Mohammad,8 months ago
92,61061891b058538de8b02c89,"APPLE iPhone 12 (Blue, 128 GB)",iphone,"₹84,900","['Bank Offer20% off on 1st txn with Amex Network Cards issued by ICICI Bank,IndusInd Bank,SBI Cards and MobikwikT&C', 'Bank Offer10% Off on Bank of Baroda Mastercard debit card first time transaction, Terms and Condition applyT&C', 'Special PriceExtra ₹2000 off(price inclusive of discount)T&C', 'View 4 more offers']",No Discount,NO EMI Plans,5,Excellent,Sandip Das,2 months ago
93,61061892b058538de8b02c8b,"APPLE iPhone 12 (Blue, 128 GB)",iphone,"₹84,900","['Bank Offer20% off on 1st txn with Amex Network Cards issued by ICICI Bank,IndusInd Bank,SBI Cards and MobikwikT&C', 'Bank Offer10% Off on Bank of Baroda Mastercard debit card first time transaction, Terms and Condition applyT&C', 'Special PriceExtra ₹2000 off(price inclusive of discount)T&C', 'View 4 more offers']",No Discount,NO EMI Plans,5,Awesome,Rohan Gupta,4 months ago
94,61061893b058538de8b02c8d,"APPLE iPhone 12 (Blue, 128 GB)",iphone,"₹84,900","['Bank Offer20% off on 1st txn with Amex Network Cards issued by ICICI Bank,IndusInd Bank,SBI Cards and MobikwikT&C', 'Bank Offer10% Off on Bank of Baroda Mastercard debit card first time transaction, Terms and Condition applyT&C', 'Special PriceExtra ₹2000 off(price inclusive of discount)T&C', 'View 4 more offers']",No Discount,NO EMI Plans,5,Must buy!,Libin Kuruvilla,3 months ago
95,61061894b058538de8b02c8f,"APPLE iPhone 12 (Blue, 128 GB)",iphone,"₹84,900","['Bank Offer20% off on 1st txn with Amex Network Cards issued by ICICI Bank,IndusInd Bank,SBI Cards and MobikwikT&C', 'Bank Offer10% Off on Bank of Baroda Mastercard debit card first time transaction, Terms and Condition applyT&C', 'Special PriceExtra ₹2000 off(price inclusive of discount)T&C', 'View 4 more offers']",No Discount,NO EMI Plans,5,Super!,Karanpal Singh,7 months ago
96,61061895b058538de8b02c91,"APPLE iPhone 12 (Blue, 128 GB)",iphone,"₹84,900","['Bank Offer20% off on 1st txn with Amex Network Cards issued by ICICI Bank,IndusInd Bank,SBI Cards and MobikwikT&C', 'Bank Offer10% Off on Bank of Baroda Mastercard debit card first time transaction, Terms and Condition applyT&C', 'Special PriceExtra ₹2000 off(price inclusive of discount)T&C', 'View 4 more offers']",No Discount,NO EMI Plans,5,Excellent,Umang Kapoor,8 months ago
97,61061896b058538de8b02c93,"APPLE iPhone 12 (Blue, 128 GB)",iphone,"₹84,900","['Bank Offer20% off on 1st txn with Amex Network Cards issued by ICICI Bank,IndusInd Bank,SBI Cards and MobikwikT&C', 'Bank Offer10% Off on Bank of Baroda Mastercard debit card first time transaction, Terms and Condition applyT&C', 'Special PriceExtra ₹2000 off(price inclusive of discount)T&C', 'View 4 more offers']",No Discount,NO EMI Plans,4,Nice product,Rishabh Vats,6 months ago
98,61061897b058538de8b02c95,"APPLE iPhone 12 (Blue, 128 GB)",iphone,"₹84,900","['Bank Offer20% off on 1st txn with Amex Network Cards issued by ICICI Bank,IndusInd Bank,SBI Cards and MobikwikT&C', 'Bank Offer10% Off on Bank of Baroda Mastercard debit card first time transaction, Terms and Condition applyT&C', 'Special PriceExtra ₹2000 off(price inclusive of discount)T&C', 'View 4 more offers']",No Discount,NO EMI Plans,5,Terrific purchase,rahul kumar,5 months ago
99,61061898b058538de8b02c97,"APPLE iPhone 12 (Blue, 128 GB)",iphone,"₹84,900","['Bank Offer20% off on 1st txn with Amex Network Cards issued by ICICI Bank,IndusInd Bank,SBI Cards and MobikwikT&C', 'Bank Offer10% Off on Bank of Baroda Mastercard debit card first time transaction, Terms and Condition applyT&C', 'Special PriceExtra ₹2000 off(price inclusive of discount)T&C', 'View 4 more offers']",No Discount,NO EMI Plans,5,Terrific purchase,Tarun Chhabra,3 days ago
100,61061899b058538de8b02c99,"APPLE iPhone 12 (Blue, 128 GB)",iphone,"₹84,900","['Bank Offer20% off on 1st txn with Amex Network Cards issued by ICICI Bank,IndusInd Bank,SBI Cards and MobikwikT&C', 'Bank Offer10% Off on Bank of Baroda Mastercard debit card first time transaction, Terms and Condition applyT&C', 'Special PriceExtra ₹2000 off(price inclusive of discount)T&C', 'View 4 more offers']",No Discount,NO EMI Plans,5,Classy product,girish sonanwane,2 months ago
101,6106189db058538de8b02c9b,"APPLE iPhone 12 (Blue, 128 GB)",iphone,"₹84,900","['Bank Offer20% off on 1st txn with Amex Network Cards issued by ICICI Bank,IndusInd Bank,SBI Cards and MobikwikT&C', 'Bank Offer10% Off on Bank of Baroda Mastercard debit card first time transaction, Terms and Condition applyT&C', 'Special PriceExtra ₹2000 off(price inclusive of discount)T&C', 'View 4 more offers']",No Discount,NO EMI Plans,5,Terrific purchase,Ganesh Andhale,2 months ago
102,6106189eb058538de8b02c9d,"APPLE iPhone 12 (Blue, 128 GB)",iphone,"₹84,900","['Bank Offer20% off on 1st txn with Amex Network Cards issued by ICICI Bank,IndusInd Bank,SBI Cards and MobikwikT&C', 'Bank Offer10% Off on Bank of Baroda Mastercard debit card first time transaction, Terms and Condition applyT&C', 'Special PriceExtra ₹2000 off(price inclusive of discount)T&C', 'View 4 more offers']",No Discount,NO EMI Plans,4,Very Good,faisal Tai,8 months ago
103,6106189fb058538de8b02c9f,"APPLE iPhone 12 (Blue, 128 GB)",iphone,"₹84,900","['Bank Offer20% off on 1st txn with Amex Network Cards issued by ICICI Bank,IndusInd Bank,SBI Cards and MobikwikT&C', 'Bank Offer10% Off on Bank of Baroda Mastercard debit card first time transaction, Terms and Condition applyT&C', 'Special PriceExtra ₹2000 off(price inclusive of discount)T&C', 'View 4 more offers']",No Discount,NO EMI Plans,5,Best in the market!,Susovan Paul,3 months ago
104,610618a0b058538de8b02ca1,"APPLE iPhone 12 (Blue, 128 GB)",iphone,"₹84,900","['Bank Offer20% off on 1st txn with Amex Network Cards issued by ICICI Bank,IndusInd Bank,SBI Cards and MobikwikT&C', 'Bank Offer10% Off on Bank of Baroda Mastercard debit card first time transaction, Terms and Condition applyT&C', 'Special PriceExtra ₹2000 off(price inclusive of discount)T&C', 'View 4 more offers']",No Discount,NO EMI Plans,5,Simply awesome,Dharma Tej,7 months ago
105,610618a4b058538de8b02ca3,"APPLE iPhone 12 (Blue, 128 GB)",iphone,"₹84,900","['Bank Offer20% off on 1st txn with Amex Network Cards issued by ICICI Bank,IndusInd Bank,SBI Cards and MobikwikT&C', 'Bank Offer10% Off on Bank of Baroda Mastercard debit card first time transaction, Terms and Condition applyT&C', 'Special PriceExtra ₹2000 off(price inclusive of discount)T&C', 'View 4 more offers']",No Discount,NO EMI Plans,5,Great product,shubhnish sharma,1 month ago
106,610618a5b058538de8b02ca5,"APPLE iPhone 12 (Blue, 128 GB)",iphone,"₹84,900","['Bank Offer20% off on 1st txn with Amex Network Cards issued by ICICI Bank,IndusInd Bank,SBI Cards and MobikwikT&C', 'Bank Offer10% Off on Bank of Baroda Mastercard debit card first time transaction, Terms and Condition applyT&C', 'Special PriceExtra ₹2000 off(price inclusive of discount)T&C', 'View 4 more offers']",No Discount,NO EMI Plans,5,Terrific,Kaushal Kishor Tripathi,2 months ago
107,610618a6b058538de8b02ca7,"APPLE iPhone 12 (Blue, 128 GB)",iphone,"₹84,900","['Bank Offer20% off on 1st txn with Amex Network Cards issued by ICICI Bank,IndusInd Bank,SBI Cards and MobikwikT&C', 'Bank Offer10% Off on Bank of Baroda Mastercard debit card first time transaction, Terms and Condition applyT&C', 'Special PriceExtra ₹2000 off(price inclusive of discount)T&C', 'View 4 more offers']",No Discount,NO EMI Plans,5,Terrific,Ganesh Shinde,3 months ago
108,610618bcb058538de8b02ca9,"APPLE iPhone 12 (Blue, 128 GB)",iphone,"₹84,900","['Bank Offer20% off on 1st txn with Amex Network Cards issued by ICICI Bank,IndusInd Bank,SBI Cards and MobikwikT&C', 'Bank Offer10% Off on Bank of Baroda Mastercard debit card first time transaction, Terms and Condition applyT&C', 'Special PriceExtra ₹2000 off(price inclusive of discount)T&C', 'View 4 more offers']",No Discount,NO EMI Plans,5,Excellent,Gourav Arkot,2 days ago
109,610618bdb058538de8b02cab,"APPLE iPhone 12 (Blue, 128 GB)",iphone,"₹84,900","['Bank Offer20% off on 1st txn with Amex Network Cards issued by ICICI Bank,IndusInd Bank,SBI Cards and MobikwikT&C', 'Bank Offer10% Off on Bank of Baroda Mastercard debit card first time transaction, Terms and Condition applyT&C', 'Special PriceExtra ₹2000 off(price inclusive of discount)T&C', 'View 4 more offers']",No Discount,NO EMI Plans,5,Excellent,Jay Shukla,3 days ago
110,610618beb058538de8b02cad,"APPLE iPhone 12 (Blue, 128 GB)",iphone,"₹84,900","['Bank Offer20% off on 1st txn with Amex Network Cards issued by ICICI Bank,IndusInd Bank,SBI Cards and MobikwikT&C', 'Bank Offer10% Off on Bank of Baroda Mastercard debit card first time transaction, Terms and Condition applyT&C', 'Special PriceExtra ₹2000 off(price inclusive of discount)T&C', 'View 4 more offers']",No Discount,NO EMI Plans,5,Just wow!,Aditya Prakash,1 month ago
111,610618c2b058538de8b02caf,"APPLE iPhone 12 (Blue, 128 GB)",iphone,"₹84,900","['Bank Offer20% off on 1st txn with Amex Network Cards issued by ICICI Bank,IndusInd Bank,SBI Cards and MobikwikT&C', 'Bank Offer10% Off on Bank of Baroda Mastercard debit card first time transaction, Terms and Condition applyT&C', 'Special PriceExtra ₹2000 off(price inclusive of discount)T&C', 'View 4 more offers']",No Discount,NO EMI Plans,5,Fabulous!,Sai kiran,8 months ago
112,610618c4b058538de8b02cb1,"APPLE iPhone 12 (Blue, 128 GB)",iphone,"₹84,900","['Bank Offer20% off on 1st txn with Amex Network Cards issued by ICICI Bank,IndusInd Bank,SBI Cards and MobikwikT&C', 'Bank Offer10% Off on Bank of Baroda Mastercard debit card first time transaction, Terms and Condition applyT&C', 'Special PriceExtra ₹2000 off(price inclusive of discount)T&C', 'View 4 more offers']",No Discount,NO EMI Plans,4,Delightful,SAURAV KUMAR DAS,2 months ago
113,610618c5b058538de8b02cb3,"APPLE iPhone 12 (Blue, 128 GB)",iphone,"₹84,900","['Bank Offer20% off on 1st txn with Amex Network Cards issued by ICICI Bank,IndusInd Bank,SBI Cards and MobikwikT&C', 'Bank Offer10% Off on Bank of Baroda Mastercard debit card first time transaction, Terms and Condition applyT&C', 'Special PriceExtra ₹2000 off(price inclusive of discount)T&C', 'View 4 more offers']",No Discount,NO EMI Plans,4,Really Nice,Siddhant Gupta,10 days ago
114,610618c6b058538de8b02cb5,"APPLE iPhone 12 (Blue, 128 GB)",iphone,"₹84,900","['Bank Offer20% off on 1st txn with Amex Network Cards issued by ICICI Bank,IndusInd Bank,SBI Cards and MobikwikT&C', 'Bank Offer10% Off on Bank of Baroda Mastercard debit card first time transaction, Terms and Condition applyT&C', 'Special PriceExtra ₹2000 off(price inclusive of discount)T&C', 'View 4 more offers']",No Discount,NO EMI Plans,5,Best in the market!,Monish G,2 months ago
115,610618c7b058538de8b02cb7,"APPLE iPhone 12 (Blue, 128 GB)",iphone,"₹84,900","['Bank Offer20% off on 1st txn with Amex Network Cards issued by ICICI Bank,IndusInd Bank,SBI Cards and MobikwikT&C', 'Bank Offer10% Off on Bank of Baroda Mastercard debit card first time transaction, Terms and Condition applyT&C', 'Special PriceExtra ₹2000 off(price inclusive of discount)T&C', 'View 4 more offers']",No Discount,NO EMI Plans,3,Fair,Bibin Thomas,3 days ago
116,610618c8b058538de8b02cb9,"APPLE iPhone 12 (Blue, 128 GB)",iphone,"₹84,900","['Bank Offer20% off on 1st txn with Amex Network Cards issued by ICICI Bank,IndusInd Bank,SBI Cards and MobikwikT&C', 'Bank Offer10% Off on Bank of Baroda Mastercard debit card first time transaction, Terms and Condition applyT&C', 'Special PriceExtra ₹2000 off(price inclusive of discount)T&C', 'View 4 more offers']",No Discount,NO EMI Plans,5,Simply awesome,DR NAGESH B,5 months ago
117,610618c9b058538de8b02cbb,"APPLE iPhone 12 (Blue, 128 GB)",iphone,"₹84,900","['Bank Offer20% off on 1st txn with Amex Network Cards issued by ICICI Bank,IndusInd Bank,SBI Cards and MobikwikT&C', 'Bank Offer10% Off on Bank of Baroda Mastercard debit card first time transaction, Terms and Condition applyT&C', 'Special PriceExtra ₹2000 off(price inclusive of discount)T&C', 'View 4 more offers']",No Discount,NO EMI Plans,5,Brilliant,Gurjot Sahota,5 months ago
118,610618cab058538de8b02cbd,"APPLE iPhone 12 (Blue, 128 GB)",iphone,"₹84,900","['Bank Offer20% off on 1st txn with Amex Network Cards issued by ICICI Bank,IndusInd Bank,SBI Cards and MobikwikT&C', 'Bank Offer10% Off on Bank of Baroda Mastercard debit card first time transaction, Terms and Condition applyT&C', 'Special PriceExtra ₹2000 off(price inclusive of discount)T&C', 'View 4 more offers']",No Discount,NO EMI Plans,5,Great product,Suman K,1 month ago
119,610618cbb058538de8b02cbf,"APPLE iPhone 12 (Blue, 128 GB)",iphone,"₹84,900","['Bank Offer20% off on 1st txn with Amex Network Cards issued by ICICI Bank,IndusInd Bank,SBI Cards and MobikwikT&C', 'Bank Offer10% Off on Bank of Baroda Mastercard debit card first time transaction, Terms and Condition applyT&C', 'Special PriceExtra ₹2000 off(price inclusive of discount)T&C', 'View 4 more offers']",No Discount,NO EMI Plans,5,Fabulous!,Vijay Anand,6 months ago
